city,predicted_aqi,temperature,humidity,wind_speed,timestamp
Silchar,56.015,18.8,64.0,3.6,2026-01-18 18:21:29
Silchar,56.015,18.8,64.0,3.6,2026-01-18 18:21:35
Silchar,56.015,18.8,64.0,3.6,2026-01-18 18:21:38
Silchar,56.015,18.8,64.0,3.6,2026-01-18 18:21:40
Silchar,56.015,18.8,64.0,3.6,2026-01-18 18:21:43
Silchar,56.015,18.8,64.0,3.6,2026-01-18 18:21:46
Kurukshetra,222.08,18.8,64.0,3.6,2026-01-18 18:22:45
Panipat,499.33,18.8,64.0,3.6,2026-01-18 18:23:50
Panipat,499.33,18.8,64.0,3.6,2026-01-18 18:24:09
Panipat,499.33,18.8,64.0,3.6,2026-01-18 18:24:13
Panipat,499.33,18.8,64.0,3.6,2026-01-18 18:24:18
Panipat,499.33,18.8,64.0,3.6,2026-01-18 18:24:22
Panipat,499.33,18.8,64.0,3.6,2026-01-18 18:24:25
Faridabad,225.645,18.8,64.0,3.6,2026-01-18 18:24:36
Faridabad,225.645,18.8,64.0,3.6,2026-01-18 18:24:40
Agartala,75.585,18.5,66.0,3.3,2026-01-18 18:36:04
Agra,229.9,18.5,66.0,3.3,2026-01-18 18:36:05
Ahmedabad,211.555,18.5,66.0,3.3,2026-01-18 18:36:06
Ahmednagar,174.505,18.5,66.0,3.3,2026-01-18 18:36:09
Aizawl,122.48,18.5,66.0,3.3,2026-01-18 18:36:11
Akola,197.885,18.5,66.0,3.3,2026-01-18 18:36:12
Alwar,242.86,18.5,66.0,3.3,2026-01-18 18:36:14
Amaravati,261.16,18.5,66.0,3.3,2026-01-18 18:36:16
Ambala,218.27,18.5,66.0,3.3,2026-01-18 18:36:18
Amravati,129.215,18.5,66.0,3.3,2026-01-18 18:36:20
Amritsar,194.945,18.5,66.0,3.3,2026-01-18 18:36:22
Anantapur,187.945,18.5,66.0,3.3,2026-01-18 18:36:24
Angul,236.055,18.5,66.0,3.3,2026-01-18 18:36:26
Ankleshwar,217.75,18.5,66.0,3.3,2026-01-18 18:36:28
Araria,193.85,18.5,66.0,3.3,2026-01-18 18:36:29
Arrah,173.56,18.5,66.0,3.3,2026-01-18 18:36:31
Asansol,240.85,18.5,66.0,3.3,2026-01-18 18:36:34
Aurangabad,245.415,18.5,66.0,3.3,2026-01-18 18:36:35
Baddi,219.2,18.5,66.0,3.3,2026-01-18 18:36:38
Badlapur,180.83,18.5,66.0,3.3,2026-01-18 18:36:39
Bagalkot,54.9,18.5,66.0,3.3,2026-01-18 18:36:41
Baghpat,270.105,18.5,66.0,3.3,2026-01-18 18:36:43
Bahadurgarh,211.285,18.5,66.0,3.3,2026-01-18 18:36:45
Balasore,243.13,18.5,66.0,3.3,2026-01-18 18:36:47
Ballabgarh,79.91,18.5,66.0,3.3,2026-01-18 18:36:49
Banswara,194.975,18.5,66.0,3.3,2026-01-18 18:36:51
Baran,138.03,18.5,66.0,3.3,2026-01-18 18:36:53
Barbil,229.675,18.5,66.0,3.3,2026-01-18 18:36:55
Bareilly,233.83,18.5,66.0,3.3,2026-01-18 18:36:58
Baripada,228.345,18.5,66.0,3.3,2026-01-18 18:37:00
Barrackpore,231.48,18.5,66.0,3.3,2026-01-18 18:37:03
Bathinda,125.075,18.5,66.0,3.3,2026-01-18 18:37:05
Begusarai,215.425,18.5,66.0,3.3,2026-01-18 18:37:07
Belapur,188.1,18.5,66.0,3.3,2026-01-18 18:37:09
Belgaum,131.22,18.5,66.0,3.3,2026-01-18 18:37:11
Bengaluru,228.595,23.8,31.0,3.4,2026-01-18 18:37:13
Bettiah,160.65,18.5,66.0,3.3,2026-01-18 18:37:15
Bhagalpur,193.86,18.5,66.0,3.3,2026-01-18 18:37:17
Bharatpur,145.56,18.5,66.0,3.3,2026-01-18 18:37:19
Bhilai,61.485,18.5,66.0,3.3,2026-01-18 18:37:23
Bhilwara,222.58,18.5,66.0,3.3,2026-01-18 18:37:25
Bhiwadi,293.13,18.5,66.0,3.3,2026-01-18 18:37:27
Bhiwandi,170.255,18.5,66.0,3.3,2026-01-18 18:37:30
Bhiwani,191.375,18.5,66.0,3.3,2026-01-18 18:37:32
Bhopal,194.205,18.5,66.0,3.3,2026-01-18 18:37:34
Agartala,75.585,18.5,66.0,3.3,2026-01-18 18:42:46
Agartala,75.585,18.5,66.0,3.3,2026-01-18 18:42:49
Agartala,75.585,18.5,66.0,3.3,2026-01-18 18:42:53
Agra,229.9,18.5,66.0,3.3,2026-01-18 18:42:57
Agartala,75.585,18.5,66.0,3.3,2026-01-18 18:44:15
Agartala,75.585,18.5,66.0,3.3,2026-01-18 18:44:18
Agartala,75.585,18.5,66.0,3.3,2026-01-18 18:44:21
Agra,229.9,18.5,66.0,3.3,2026-01-18 18:44:24
Agra,229.9,18.5,66.0,3.3,2026-01-18 18:44:26
Agra,229.9,18.5,66.0,3.3,2026-01-18 18:44:30
Ahmedabad,211.555,18.5,66.0,3.3,2026-01-18 18:44:34
Ahmedabad,211.555,18.5,66.0,3.3,2026-01-18 18:44:37
Ahmedabad,211.555,18.5,66.0,3.3,2026-01-18 18:44:40
Ahmednagar,174.505,18.5,66.0,3.3,2026-01-18 18:44:43
Ahmednagar,174.505,18.5,66.0,3.3,2026-01-18 18:44:45
Ahmednagar,174.505,18.5,66.0,3.3,2026-01-18 18:44:48
Aizawl,122.48,18.5,66.0,3.3,2026-01-18 18:44:51
Aizawl,122.48,18.5,66.0,3.3,2026-01-18 18:44:53
Aizawl,122.48,18.5,66.0,3.3,2026-01-18 18:44:56
Akola,197.885,18.1,68.0,3.3,2026-01-18 18:44:59
Akola,197.885,18.1,68.0,3.3,2026-01-18 18:45:03
Amaravati,267.025,18.1,68.0,3.3,2026-01-18 18:45:09
Amaravati,267.025,18.1,68.0,3.3,2026-01-18 18:45:13
Amaravati,267.025,18.1,68.0,3.3,2026-01-18 18:45:15
Anantapur,187.605,18.1,68.0,3.3,2026-01-18 18:45:30
Anantapur,187.605,18.1,68.0,3.3,2026-01-18 18:45:33
Anantapur,187.605,18.1,68.0,3.3,2026-01-18 18:45:37
Ankleshwar,215.42,18.1,68.0,3.3,2026-01-18 18:45:42
Ankleshwar,215.42,18.1,68.0,3.3,2026-01-18 18:45:45
Ankleshwar,215.42,18.1,68.0,3.3,2026-01-18 18:45:49
Araria,194.725,18.1,68.0,3.3,2026-01-18 18:45:52
Araria,194.725,18.1,68.0,3.3,2026-01-18 18:45:55
Araria,194.725,18.1,68.0,3.3,2026-01-18 18:45:59
Agra,225.195,18.1,68.0,3.3,2026-01-18 18:53:00
Agra,225.195,18.1,68.0,3.3,2026-01-18 18:53:02
Agra,225.195,18.1,68.0,3.3,2026-01-18 18:53:04
Ahmedabad,198.945,18.1,68.0,3.3,2026-01-18 18:53:06
Ahmedabad,198.85,18.1,68.0,3.3,2026-01-18 18:53:09
Ahmedabad,198.85,18.1,68.0,3.3,2026-01-18 18:53:11
Ahmednagar,176.31,18.1,68.0,3.3,2026-01-18 18:53:13
Ahmednagar,176.31,18.1,68.0,3.3,2026-01-18 18:53:15
Ahmednagar,176.31,18.1,68.0,3.3,2026-01-18 18:53:17
Aizawl,122.48,18.1,68.0,3.3,2026-01-18 18:53:22
Aizawl,122.48,18.1,68.0,3.3,2026-01-18 18:53:24
Aizawl,122.48,18.1,68.0,3.3,2026-01-18 18:53:26
Akola,197.885,18.1,68.0,3.3,2026-01-18 18:53:30
Akola,197.885,18.1,68.0,3.3,2026-01-18 18:53:32
Akola,197.885,18.1,68.0,3.3,2026-01-18 18:53:34
Alwar,242.265,18.1,68.0,3.3,2026-01-18 18:53:36
Alwar,242.265,18.1,68.0,3.3,2026-01-18 18:53:38
Alwar,242.265,18.1,68.0,3.3,2026-01-18 18:53:40
Amaravati,267.025,18.1,68.0,3.3,2026-01-18 18:53:42
Amaravati,267.025,18.1,68.0,3.3,2026-01-18 18:53:44
Amaravati,267.025,18.1,68.0,3.3,2026-01-18 18:53:47
Ambala,218.27,18.1,68.0,3.3,2026-01-18 18:53:48
Ambala,218.27,18.1,68.0,3.3,2026-01-18 18:53:52
Ambala,218.27,18.1,68.0,3.3,2026-01-18 18:53:54
Amravati,133.105,25.0,50.0,5.0,2026-01-18 18:54:00
Amravati,133.105,18.1,68.0,3.3,2026-01-18 18:54:02
Amravati,133.105,18.1,68.0,3.3,2026-01-18 18:54:06
Amritsar,192.95,18.1,68.0,3.3,2026-01-18 18:54:08
Amritsar,192.95,18.1,68.0,3.3,2026-01-18 18:54:10
Amritsar,192.95,18.1,68.0,3.3,2026-01-18 18:54:12
Anantapur,187.605,18.1,68.0,3.3,2026-01-18 18:54:14
Anantapur,187.605,18.1,68.0,3.3,2026-01-18 18:54:16
Anantapur,187.605,25.0,50.0,5.0,2026-01-18 18:54:22
Angul,235.565,18.1,68.0,3.3,2026-01-18 18:54:25
Angul,235.565,18.1,68.0,3.3,2026-01-18 18:54:27
Angul,235.565,18.1,68.0,3.3,2026-01-18 18:54:30
Ankleshwar,215.42,18.1,68.0,3.3,2026-01-18 18:54:32
Ankleshwar,215.42,18.1,68.0,3.3,2026-01-18 18:54:34
Ankleshwar,215.42,18.1,68.0,3.3,2026-01-18 18:54:36
Araria,194.725,18.1,68.0,3.3,2026-01-18 18:54:38
Araria,194.725,18.1,68.0,3.3,2026-01-18 18:54:40
Araria,194.725,18.1,68.0,3.3,2026-01-18 18:54:42
Arrah,178.475,18.1,68.0,3.3,2026-01-18 18:54:45
Arrah,178.475,18.1,68.0,3.3,2026-01-18 18:54:47
Arrah,178.475,18.1,68.0,3.3,2026-01-18 18:54:50
Asansol,244.86,18.1,68.0,3.3,2026-01-18 18:54:52
Asansol,244.86,18.1,68.0,3.3,2026-01-18 18:54:54
Asansol,244.86,18.1,68.0,3.3,2026-01-18 18:54:56
Aurangabad,248.655,18.1,68.0,3.3,2026-01-18 18:55:06
Aurangabad,248.655,18.1,68.0,3.3,2026-01-18 18:55:09
Baddi,215.14,18.1,68.0,3.3,2026-01-18 18:55:12
Baddi,215.14,25.0,50.0,5.0,2026-01-18 18:55:18
Baddi,215.14,18.1,68.0,3.3,2026-01-18 18:55:20
Badlapur,180.395,18.1,68.0,3.3,2026-01-18 18:55:22
Badlapur,180.395,18.1,68.0,3.3,2026-01-18 18:55:24
Badlapur,180.395,18.1,68.0,3.3,2026-01-18 18:55:26
Bagalkot,54.9,18.1,68.0,3.3,2026-01-18 18:55:30
Bagalkot,54.9,18.1,68.0,3.3,2026-01-18 18:55:32
Bagalkot,54.9,18.1,68.0,3.3,2026-01-18 18:55:34
Baghpat,270.94,18.1,68.0,3.3,2026-01-18 18:55:37
Baghpat,270.94,18.1,68.0,3.3,2026-01-18 18:55:39
Baghpat,270.94,18.1,68.0,3.3,2026-01-18 18:55:42
Bahadurgarh,211.285,18.1,68.0,3.3,2026-01-18 18:55:45
Bahadurgarh,211.285,18.1,68.0,3.3,2026-01-18 18:55:48
Bahadurgarh,211.285,18.1,68.0,3.3,2026-01-18 18:55:49
Ballabgarh,79.91,18.1,68.0,3.3,2026-01-18 18:55:52
Ballabgarh,79.91,18.1,68.0,3.3,2026-01-18 18:55:54
Ballabgarh,79.91,18.1,68.0,3.3,2026-01-18 18:55:56
Banswara,162.75,18.1,68.0,3.3,2026-01-18 18:55:58
Banswara,162.75,18.1,68.0,3.3,2026-01-18 18:56:00
Banswara,162.75,18.1,68.0,3.3,2026-01-18 18:56:02
Barbil,228.045,18.1,68.0,3.3,2026-01-18 18:56:04
Barbil,228.045,18.1,68.0,3.3,2026-01-18 18:56:06
Barbil,228.045,18.1,68.0,3.3,2026-01-18 18:56:08
Bareilly,233.83,18.1,68.0,3.3,2026-01-18 18:56:11
Bareilly,233.83,18.1,68.0,3.3,2026-01-18 18:56:13
Bareilly,233.83,18.1,68.0,3.3,2026-01-18 18:56:15
Baripada,227.1,18.1,68.0,3.3,2026-01-18 18:56:17
Baripada,227.1,18.1,68.0,3.3,2026-01-18 18:56:20
Baripada,227.1,18.1,68.0,3.3,2026-01-18 18:56:22
Barrackpore,231.48,25.0,50.0,5.0,2026-01-18 18:56:29
Barrackpore,231.48,25.0,50.0,5.0,2026-01-18 18:56:36
Barrackpore,231.48,18.1,68.0,3.3,2026-01-18 18:56:37
Begusarai,215.425,18.1,68.0,3.3,2026-01-18 18:56:39
Begusarai,215.425,18.1,68.0,3.3,2026-01-18 18:56:41
Begusarai,215.425,18.1,68.0,3.3,2026-01-18 18:56:43
Belapur,188.9,18.1,68.0,3.3,2026-01-18 18:56:46
Belapur,188.9,18.1,68.0,3.3,2026-01-18 18:56:49
Belapur,188.9,18.1,68.0,3.3,2026-01-18 18:56:51
Belgaum,128.965,18.1,68.0,3.3,2026-01-18 18:56:53
Belgaum,128.965,25.0,50.0,5.0,2026-01-18 18:57:00
Belgaum,128.965,18.1,68.0,3.3,2026-01-18 18:57:02
Bengaluru,132.685,23.3,33.0,3.4,2026-01-18 18:57:05
Bengaluru,132.685,23.3,33.0,3.4,2026-01-18 18:57:10
Bengaluru,132.685,23.3,33.0,3.4,2026-01-18 18:57:12
Bettiah,168.785,18.1,68.0,3.3,2026-01-18 18:57:14
Bettiah,168.785,18.1,68.0,3.3,2026-01-18 18:57:17
Bettiah,168.785,18.1,68.0,3.3,2026-01-18 18:57:19
Bhagalpur,207.085,18.1,68.0,3.3,2026-01-18 18:57:21
Bhagalpur,207.085,18.1,68.0,3.3,2026-01-18 18:57:23
Bhagalpur,207.085,25.0,50.0,5.0,2026-01-18 18:57:30
Bharatpur,145.325,18.1,68.0,3.3,2026-01-18 18:57:33
Bharatpur,145.325,18.1,68.0,3.3,2026-01-18 18:57:35
Bharatpur,145.325,18.1,68.0,3.3,2026-01-18 18:57:37
Bhilai,163.0,18.1,68.0,3.3,2026-01-18 18:57:39
Bhilai,163.0,18.1,68.0,3.3,2026-01-18 18:57:41
Bhilai,163.0,18.1,68.0,3.3,2026-01-18 18:57:43
Bhilwara,240.495,18.1,68.0,3.3,2026-01-18 18:57:45
Bhilwara,240.495,25.0,50.0,5.0,2026-01-18 18:57:52
Bhilwara,240.495,18.1,68.0,3.3,2026-01-18 18:57:54
Bhiwadi,465.305,18.1,68.0,3.3,2026-01-18 18:57:56
Bhiwadi,465.305,18.1,68.0,3.3,2026-01-18 18:58:01
Bhiwadi,465.305,25.0,50.0,5.0,2026-01-18 18:58:09
Bhiwandi,175.165,18.1,68.0,3.3,2026-01-18 18:58:12
Bhiwandi,175.165,18.1,68.0,3.3,2026-01-18 18:58:15
Bhiwandi,175.165,18.1,68.0,3.3,2026-01-18 18:58:17
Bhiwani,211.035,18.1,68.0,3.3,2026-01-18 18:58:21
Bhiwani,211.035,18.1,68.0,3.3,2026-01-18 18:58:24
Bhiwani,211.035,18.1,68.0,3.3,2026-01-18 18:58:27
Bhopal,196.54,18.1,68.0,3.3,2026-01-18 18:58:33
Bhopal,196.54,18.1,68.0,3.3,2026-01-18 18:58:36
Bhopal,196.54,18.1,68.0,3.3,2026-01-18 18:58:39
Bhubaneswar,235.235,18.1,68.0,3.3,2026-01-18 18:58:43
Bhubaneswar,235.235,18.1,68.0,3.3,2026-01-18 18:58:47
Bhubaneswar,235.235,18.1,68.0,3.3,2026-01-18 18:58:51
Bihar Sharif,262.53,18.1,68.0,3.3,2026-01-18 18:58:53
Bihar Sharif,262.53,18.1,68.0,3.3,2026-01-18 18:58:55
Bihar Sharif,262.53,18.1,68.0,3.3,2026-01-18 18:58:57
Bilaspur,166.575,25.0,50.0,5.0,2026-01-18 18:59:04
Bilaspur,166.575,18.1,68.0,3.3,2026-01-18 18:59:06
Bilaspur,166.575,18.1,68.0,3.3,2026-01-18 18:59:09
Bileipada,220.425,18.1,68.0,3.3,2026-01-18 18:59:11
Bileipada,220.425,18.1,68.0,3.3,2026-01-18 18:59:13
Bileipada,220.425,18.1,68.0,3.3,2026-01-18 18:59:15
Boisar,159.96,18.1,68.0,3.3,2026-01-18 18:59:18
Boisar,159.96,18.1,68.0,3.3,2026-01-18 18:59:20
Boisar,159.96,18.1,68.0,3.3,2026-01-18 18:59:22
Bulandshahr,373.42,25.0,50.0,5.0,2026-01-18 18:59:28
Bulandshahr,373.42,18.1,68.0,3.3,2026-01-18 18:59:31
Bulandshahr,373.42,18.1,68.0,3.3,2026-01-18 18:59:33
Bundi,113.49,18.1,68.0,3.3,2026-01-18 18:59:36
Bundi,113.49,18.1,68.0,3.3,2026-01-18 18:59:38
Bundi,113.49,18.1,68.0,3.3,2026-01-18 18:59:41
Buxar,198.4,18.1,68.0,3.3,2026-01-18 18:59:43
Buxar,198.4,18.1,68.0,3.3,2026-01-18 18:59:45
Buxar,198.4,18.1,68.0,3.3,2026-01-18 18:59:47
Byrnihat,249.715,18.1,68.0,3.3,2026-01-18 18:59:49
Byrnihat,249.715,18.1,68.0,3.3,2026-01-18 18:59:51
Byrnihat,249.715,18.1,68.0,3.3,2026-01-18 18:59:53
Chamarajanagar,57.14,18.1,68.0,3.3,2026-01-18 18:59:57
Chamarajanagar,57.14,18.1,68.0,3.3,2026-01-18 18:59:59
Chamarajanagar,57.14,17.7,70.0,3.3,2026-01-18 19:00:03
Chandigarh,192.005,25.0,50.0,5.0,2026-01-18 19:00:05
Chandigarh,192.005,17.7,70.0,3.3,2026-01-18 19:00:07
Chandigarh,192.005,17.7,70.0,3.3,2026-01-18 19:00:09
Chandrapur,152.75,17.7,70.0,3.3,2026-01-18 19:00:11
Chandrapur,152.75,17.7,70.0,3.3,2026-01-18 19:00:13
Chandrapur,152.75,17.7,70.0,3.3,2026-01-18 19:00:17
Charkhi Dadri,263.835,17.7,70.0,3.3,2026-01-18 19:00:18
Charkhi Dadri,263.835,17.7,70.0,3.3,2026-01-18 19:00:20
Charkhi Dadri,263.835,17.7,70.0,3.3,2026-01-18 19:00:22
Chennai,129.46,23.9,68.0,4.3,2026-01-18 19:00:24
Chennai,129.46,23.9,68.0,4.3,2026-01-18 19:00:26
Chennai,129.46,23.9,68.0,4.3,2026-01-18 19:00:28
Chhal,100.075,17.7,70.0,3.3,2026-01-18 19:00:30
Chhal,100.075,17.7,70.0,3.3,2026-01-18 19:00:32
Chhal,100.075,17.7,70.0,3.3,2026-01-18 19:00:34
Chhapra,105.74,17.7,70.0,3.3,2026-01-18 19:00:36
Chhapra,105.74,17.7,70.0,3.3,2026-01-18 19:00:38
Chhapra,105.74,25.0,50.0,5.0,2026-01-18 19:00:45
Chikkaballapur,77.04,17.7,70.0,3.3,2026-01-18 19:00:47
Chikkaballapur,77.04,17.7,70.0,3.3,2026-01-18 19:00:49
Chikkaballapur,77.04,17.7,70.0,3.3,2026-01-18 19:00:51
Chikkamagaluru,56.135,17.7,70.0,3.3,2026-01-18 19:00:53
Chikkamagaluru,56.135,25.0,50.0,5.0,2026-01-18 19:01:00
Chikkamagaluru,56.135,17.7,70.0,3.3,2026-01-18 19:01:02
Chittoor,103.79,17.7,70.0,3.3,2026-01-18 19:01:04
Chittoor,103.79,25.0,50.0,5.0,2026-01-18 19:01:10
Chittoor,103.79,17.7,70.0,3.3,2026-01-18 19:01:13
Chittorgarh,209.365,17.7,70.0,3.3,2026-01-18 19:01:15
Chittorgarh,209.365,17.7,70.0,3.3,2026-01-18 19:01:17
Chittorgarh,209.365,17.7,70.0,3.3,2026-01-18 19:01:21
Churu,387.755,17.7,70.0,3.3,2026-01-18 19:01:24
Churu,387.755,17.7,70.0,3.3,2026-01-18 19:01:26
Churu,387.755,17.7,70.0,3.3,2026-01-18 19:01:28
Coimbatore,102.745,17.7,70.0,3.3,2026-01-18 19:01:30
Coimbatore,102.745,17.7,70.0,3.3,2026-01-18 19:01:32
Coimbatore,102.745,17.7,70.0,3.3,2026-01-18 19:01:35
Cuddalore,136.915,17.7,70.0,3.3,2026-01-18 19:01:37
Cuddalore,136.915,17.7,70.0,3.3,2026-01-18 19:01:40
Cuddalore,136.915,17.7,70.0,3.3,2026-01-18 19:01:42
Dausa,139.605,17.7,70.0,3.3,2026-01-18 19:01:44
Dausa,139.605,17.7,70.0,3.3,2026-01-18 19:01:46
Dausa,139.605,17.7,70.0,3.3,2026-01-18 19:01:48
Davanagere,105.74,17.7,70.0,3.3,2026-01-18 19:01:50
Davanagere,105.74,17.7,70.0,3.3,2026-01-18 19:01:52
Davanagere,105.74,17.7,70.0,3.3,2026-01-18 19:01:54
Dehradun,274.245,17.7,70.0,3.3,2026-01-18 19:01:56
Dehradun,274.245,17.7,70.0,3.3,2026-01-18 19:01:58
Dehradun,274.245,17.7,70.0,3.3,2026-01-18 19:02:00
Delhi,540.635,17.7,70.0,3.3,2026-01-18 19:02:02
Delhi,540.635,17.7,70.0,3.3,2026-01-18 19:02:05
Delhi,540.635,17.7,70.0,3.3,2026-01-18 19:02:08
Dewas,193.35,17.7,70.0,3.3,2026-01-18 19:02:10
Dewas,193.35,17.7,70.0,3.3,2026-01-18 19:02:13
Dewas,193.35,25.0,50.0,5.0,2026-01-18 19:02:19
Dhanbad,387.87,25.0,50.0,5.0,2026-01-18 19:02:26
Dhanbad,387.87,17.7,70.0,3.3,2026-01-18 19:02:28
Dhanbad,387.87,17.7,70.0,3.3,2026-01-18 19:02:31
Dharuhera,392.52,17.7,70.0,3.3,2026-01-18 19:02:34
Dharuhera,392.52,17.7,70.0,3.3,2026-01-18 19:02:37
Dharuhera,392.52,17.7,70.0,3.3,2026-01-18 19:02:39
Dharwad,87.745,17.7,70.0,3.3,2026-01-18 19:02:41
Dharwad,87.745,25.0,50.0,5.0,2026-01-18 19:02:47
Dharwad,87.745,17.7,70.0,3.3,2026-01-18 19:02:49
Dholpur,204.785,17.7,70.0,3.3,2026-01-18 19:02:51
Dholpur,204.785,17.7,70.0,3.3,2026-01-18 19:02:53
Dholpur,204.785,17.7,70.0,3.3,2026-01-18 19:02:55
Dhule,215.435,17.7,70.0,3.3,2026-01-18 19:02:57
Dhule,215.435,17.7,70.0,3.3,2026-01-18 19:02:59
Dhule,215.435,17.7,70.0,3.3,2026-01-18 19:03:01
Dindigul,74.29,17.7,70.0,3.3,2026-01-18 19:03:03
Dindigul,74.29,17.7,70.0,3.3,2026-01-18 19:03:05
Dindigul,74.29,17.7,70.0,3.3,2026-01-18 19:03:08
Dungarpur,144.03,17.7,70.0,3.3,2026-01-18 19:03:10
Dungarpur,144.03,17.7,70.0,3.3,2026-01-18 19:03:14
Dungarpur,144.03,17.7,70.0,3.3,2026-01-18 19:03:17
Durgapur,212.69,17.7,70.0,3.3,2026-01-18 19:03:19
Durgapur,212.405,17.7,70.0,3.3,2026-01-18 19:03:21
Durgapur,212.69,17.7,70.0,3.3,2026-01-18 19:03:23
Eloor,108.035,17.7,70.0,3.3,2026-01-18 19:03:25
Eloor,108.035,17.7,70.0,3.3,2026-01-18 19:03:27
Eloor,108.035,17.7,70.0,3.3,2026-01-18 19:03:29
Faridabad,255.46,17.7,70.0,3.3,2026-01-18 19:03:31
Faridabad,255.46,17.7,70.0,3.3,2026-01-18 19:03:33
Faridabad,255.46,17.7,70.0,3.3,2026-01-18 19:03:35
Fatehabad,249.08,17.7,70.0,3.3,2026-01-18 19:03:37
Fatehabad,249.08,17.7,70.0,3.3,2026-01-18 19:03:39
Fatehabad,249.08,17.7,70.0,3.3,2026-01-18 19:03:41
Firozabad,132.185,25.0,50.0,5.0,2026-01-18 19:03:48
Firozabad,132.185,17.7,70.0,3.3,2026-01-18 19:03:49
Firozabad,132.185,17.7,70.0,3.3,2026-01-18 19:03:51
Gandhinagar,96.995,25.0,50.0,5.0,2026-01-18 19:03:58
Gandhinagar,96.995,17.7,70.0,3.3,2026-01-18 19:04:00
Gandhinagar,96.995,17.7,70.0,3.3,2026-01-18 19:04:02
Gangtok,82.99,25.0,50.0,5.0,2026-01-18 19:04:10
Gangtok,82.99,17.7,70.0,3.3,2026-01-18 19:04:19
Gangtok,82.99,17.7,70.0,3.3,2026-01-18 19:04:21
Gaya,246.98,17.7,70.0,3.3,2026-01-18 19:04:23
Gaya,246.98,17.7,70.0,3.3,2026-01-18 19:04:25
Gaya,246.98,25.0,50.0,5.0,2026-01-18 19:04:32
Ghaziabad,501.32,17.7,70.0,3.3,2026-01-18 19:04:34
Ghaziabad,501.32,17.7,70.0,3.3,2026-01-18 19:04:36
Ghaziabad,501.32,17.7,70.0,3.3,2026-01-18 19:04:38
Greater Noida,327.12,17.7,70.0,3.3,2026-01-18 19:04:40
Greater Noida,327.12,25.0,50.0,5.0,2026-01-18 19:04:48
Greater Noida,327.12,17.7,70.0,3.3,2026-01-18 19:04:50
Gummidipoondi,212.375,17.7,70.0,3.3,2026-01-18 19:04:52
Gummidipoondi,212.375,17.7,70.0,3.3,2026-01-18 19:04:54
Gummidipoondi,212.375,17.7,70.0,3.3,2026-01-18 19:04:56
Gurugram,332.38,17.7,70.0,3.3,2026-01-18 19:04:59
Gurugram,332.38,17.7,70.0,3.3,2026-01-18 19:05:01
Gurugram,332.38,17.7,70.0,3.3,2026-01-18 19:05:02
Guwahati,238.04,17.7,70.0,3.3,2026-01-18 19:05:04
Guwahati,238.04,17.7,70.0,3.3,2026-01-18 19:05:06
Guwahati,238.04,17.7,70.0,3.3,2026-01-18 19:05:09
Gwalior,211.135,17.7,70.0,3.3,2026-01-18 19:05:11
Gwalior,211.135,25.0,50.0,5.0,2026-01-18 19:05:17
Gwalior,211.135,17.7,70.0,3.3,2026-01-18 19:05:20
Hajipur,219.375,17.7,70.0,3.3,2026-01-18 19:05:23
Hajipur,219.375,17.7,70.0,3.3,2026-01-18 19:05:26
Hajipur,219.375,17.7,70.0,3.3,2026-01-18 19:05:28
Haldia,213.885,17.7,70.0,3.3,2026-01-18 19:05:31
Haldia,213.885,17.7,70.0,3.3,2026-01-18 19:05:34
Haldia,213.885,17.7,70.0,3.3,2026-01-18 19:05:36
Hapur,345.895,17.7,70.0,3.3,2026-01-18 19:05:39
Hapur,345.895,17.7,70.0,3.3,2026-01-18 19:05:41
Hapur,345.895,17.7,70.0,3.3,2026-01-18 19:05:43
Hisar,105.74,17.7,70.0,3.3,2026-01-18 19:05:45
Hisar,105.74,25.0,50.0,5.0,2026-01-18 19:05:51
Hisar,105.74,25.0,50.0,5.0,2026-01-18 19:05:58
Howrah,225.985,17.7,70.0,3.3,2026-01-18 19:06:00
Howrah,225.985,17.7,70.0,3.3,2026-01-18 19:06:03
Howrah,225.985,17.7,70.0,3.3,2026-01-18 19:06:06
Hubballi,134.805,17.7,70.0,3.3,2026-01-18 19:06:08
Hubballi,134.805,17.7,70.0,3.3,2026-01-18 19:06:10
Hubballi,134.805,17.7,70.0,3.3,2026-01-18 19:06:12
Hyderabad,125.9,25.0,50.0,5.0,2026-01-18 19:06:19
Hyderabad,125.9,17.7,70.0,3.3,2026-01-18 19:06:22
Hyderabad,125.9,17.7,70.0,3.3,2026-01-18 19:06:24
Indore,140.85,17.7,70.0,3.3,2026-01-18 19:06:28
Indore,140.85,17.7,70.0,3.3,2026-01-18 19:06:30
Indore,140.85,17.7,70.0,3.3,2026-01-18 19:06:32
Jabalpur,81.83,17.7,70.0,3.3,2026-01-18 19:06:34
Jabalpur,81.83,17.7,70.0,3.3,2026-01-18 19:06:38
Jabalpur,81.83,17.7,70.0,3.3,2026-01-18 19:06:40
Jaipur,173.825,17.7,70.0,3.3,2026-01-18 19:06:42
Jaipur,173.825,17.7,70.0,3.3,2026-01-18 19:06:45
Jaipur,173.825,17.7,70.0,3.3,2026-01-18 19:06:47
Jaisalmer,240.98,17.7,70.0,3.3,2026-01-18 19:06:49
Jaisalmer,240.98,17.7,70.0,3.3,2026-01-18 19:06:51
Jaisalmer,240.98,17.7,70.0,3.3,2026-01-18 19:06:53
Jalandhar,233.34,17.7,70.0,3.3,2026-01-18 19:06:55
Jalandhar,233.34,17.7,70.0,3.3,2026-01-18 19:06:57
Jalandhar,233.34,17.7,70.0,3.3,2026-01-18 19:07:00
Jalgaon,198.47,17.7,70.0,3.3,2026-01-18 19:07:02
Jalgaon,198.47,17.7,70.0,3.3,2026-01-18 19:07:04
Jalgaon,198.47,17.7,70.0,3.3,2026-01-18 19:07:06
Jalna,236.57,17.7,70.0,3.3,2026-01-18 19:07:09
Jalna,236.57,17.7,70.0,3.3,2026-01-18 19:07:11
Jalna,236.57,17.7,70.0,3.3,2026-01-18 19:07:13
Jhalawar,278.855,17.7,70.0,3.3,2026-01-18 19:07:16
Jhalawar,278.855,17.7,70.0,3.3,2026-01-18 19:07:18
Jhalawar,278.855,17.7,70.0,3.3,2026-01-18 19:07:20
Jhansi,97.595,17.7,70.0,3.3,2026-01-18 19:07:22
Jhansi,97.595,17.7,70.0,3.3,2026-01-18 19:07:24
Jhansi,97.595,17.7,70.0,3.3,2026-01-18 19:07:26
Jind,202.93,25.0,50.0,5.0,2026-01-18 19:07:33
Jind,202.93,17.7,70.0,3.3,2026-01-18 19:07:35
Jind,202.93,17.7,70.0,3.3,2026-01-18 19:07:37
Jodhpur,124.09,17.7,70.0,3.3,2026-01-18 19:07:39
Jodhpur,124.09,17.7,70.0,3.3,2026-01-18 19:07:41
Jodhpur,124.09,17.7,70.0,3.3,2026-01-18 19:07:44
Kadapa,119.475,17.7,70.0,3.3,2026-01-18 19:07:46
Kadapa,119.475,17.7,70.0,3.3,2026-01-18 19:07:48
Kadapa,119.475,25.0,50.0,5.0,2026-01-18 19:07:55
Kaithal,234.255,17.7,70.0,3.3,2026-01-18 19:07:57
Kaithal,234.255,17.7,70.0,3.3,2026-01-18 19:07:59
Kaithal,234.255,17.7,70.0,3.3,2026-01-18 19:08:01
Kalaburagi,61.975,17.7,70.0,3.3,2026-01-18 19:08:04
Kalaburagi,61.975,17.7,70.0,3.3,2026-01-18 19:08:06
Kalaburagi,61.975,17.7,70.0,3.3,2026-01-18 19:08:08
Kalyan,136.975,17.7,70.0,3.3,2026-01-18 19:08:10
Kalyan,136.975,17.7,70.0,3.3,2026-01-18 19:08:13
Kalyan,136.975,17.7,70.0,3.3,2026-01-18 19:08:15
Kannur,92.57,25.0,50.0,5.0,2026-01-18 19:08:22
Kannur,92.57,17.7,70.0,3.3,2026-01-18 19:08:23
Kannur,92.57,17.7,70.0,3.3,2026-01-18 19:08:25
Kanpur,215.545,17.7,70.0,3.3,2026-01-18 19:08:27
Kanpur,215.545,17.7,70.0,3.3,2026-01-18 19:08:29
Kanpur,215.545,17.7,70.0,3.3,2026-01-18 19:08:31
Karnal,230.765,17.7,70.0,3.3,2026-01-18 19:08:33
Karnal,230.765,17.7,70.0,3.3,2026-01-18 19:08:35
Karnal,230.765,17.7,70.0,3.3,2026-01-18 19:08:37
Karur,105.74,17.7,70.0,3.3,2026-01-18 19:08:39
Karur,105.74,17.7,70.0,3.3,2026-01-18 19:08:41
Karur,105.74,17.7,70.0,3.3,2026-01-18 19:08:44
Katihar,225.56,17.7,70.0,3.3,2026-01-18 19:08:46
Katihar,225.56,17.7,70.0,3.3,2026-01-18 19:08:49
Katihar,225.56,17.7,70.0,3.3,2026-01-18 19:08:51
Katni,225.05,17.7,70.0,3.3,2026-01-18 19:08:53
Katni,225.05,17.7,70.0,3.3,2026-01-18 19:08:56
Katni,225.05,17.7,70.0,3.3,2026-01-18 19:08:58
Keonjhar,207.685,17.7,70.0,3.3,2026-01-18 19:09:00
Keonjhar,207.685,25.0,50.0,5.0,2026-01-18 19:09:07
Keonjhar,207.685,17.7,70.0,3.3,2026-01-18 19:09:09
Khanna,220.965,25.0,50.0,5.0,2026-01-18 19:09:15
Khanna,220.965,17.7,70.0,3.3,2026-01-18 19:09:17
Khanna,220.965,17.7,70.0,3.3,2026-01-18 19:09:19
Kishanganj,74.545,17.7,70.0,3.3,2026-01-18 19:09:21
Kishanganj,74.545,17.7,70.0,3.3,2026-01-18 19:09:23
Kishanganj,74.545,17.7,70.0,3.3,2026-01-18 19:09:25
Kohima,48.26,17.7,70.0,3.3,2026-01-18 19:09:28
Kohima,48.26,17.7,70.0,3.3,2026-01-18 19:09:30
Kohima,48.26,17.7,70.0,3.3,2026-01-18 19:09:32
Kolhapur,89.5,17.7,70.0,3.3,2026-01-18 19:09:34
Kolhapur,89.5,17.7,70.0,3.3,2026-01-18 19:09:36
Kolhapur,89.5,17.7,70.0,3.3,2026-01-18 19:09:38
Kolkata,236.945,17.7,70.0,3.3,2026-01-18 19:09:40
Kolkata,236.945,17.7,70.0,3.3,2026-01-18 19:09:42
Kolkata,236.945,17.7,70.0,3.3,2026-01-18 19:09:44
Kollam,187.205,17.7,70.0,3.3,2026-01-18 19:09:46
Kollam,187.205,25.0,50.0,5.0,2026-01-18 19:09:53
Kollam,187.205,17.7,70.0,3.3,2026-01-18 19:09:56
Koppal,123.105,17.7,70.0,3.3,2026-01-18 19:09:58
Koppal,123.105,17.7,70.0,3.3,2026-01-18 19:10:02
Koppal,123.105,17.7,70.0,3.3,2026-01-18 19:10:06
Korba,174.61,25.0,50.0,5.0,2026-01-18 19:10:12
Korba,174.61,17.7,70.0,3.3,2026-01-18 19:10:14
Korba,174.61,17.7,70.0,3.3,2026-01-18 19:10:16
Kota,249.28,17.7,70.0,3.3,2026-01-18 19:10:19
Kota,249.28,17.7,70.0,3.3,2026-01-18 19:10:21
Kota,249.28,17.7,70.0,3.3,2026-01-18 19:10:23
Kunjemura,133.2,17.7,70.0,3.3,2026-01-18 19:10:25
Kunjemura,133.2,17.7,70.0,3.3,2026-01-18 19:10:27
Kunjemura,133.2,17.7,70.0,3.3,2026-01-18 19:10:29
Kurukshetra,223.735,17.7,70.0,3.3,2026-01-18 19:10:31
Kurukshetra,223.735,25.0,50.0,5.0,2026-01-18 19:10:38
Kurukshetra,223.735,17.7,70.0,3.3,2026-01-18 19:10:40
Latur,110.13,17.7,70.0,3.3,2026-01-18 19:10:42
Latur,110.13,17.7,70.0,3.3,2026-01-18 19:10:44
Latur,110.13,17.7,70.0,3.3,2026-01-18 19:10:46
Lucknow,415.405,17.7,70.0,3.3,2026-01-18 19:10:50
Lucknow,415.405,17.7,70.0,3.3,2026-01-18 19:10:51
Lucknow,317.88,17.7,70.0,3.3,2026-01-18 19:10:54
Ludhiana,302.46,17.7,70.0,3.3,2026-01-18 19:10:55
Ludhiana,302.46,17.7,70.0,3.3,2026-01-18 19:10:57
Ludhiana,302.46,17.7,70.0,3.3,2026-01-18 19:10:59
Madikeri,78.85,17.7,70.0,3.3,2026-01-18 19:11:09
Madikeri,78.85,25.0,50.0,5.0,2026-01-18 19:11:16
Mahad,128.815,17.7,70.0,3.3,2026-01-18 19:11:18
Mahad,128.815,17.7,70.0,3.3,2026-01-18 19:11:20
Mahad,128.815,17.7,70.0,3.3,2026-01-18 19:11:23
Malegaon,143.015,17.7,70.0,3.3,2026-01-18 19:11:25
Malegaon,143.015,17.7,70.0,3.3,2026-01-18 19:11:28
Malegaon,143.015,25.0,50.0,5.0,2026-01-18 19:11:39
Mandideep,76.52,17.7,70.0,3.3,2026-01-18 19:11:41
Mandideep,76.52,17.7,70.0,3.3,2026-01-18 19:11:45
Mandideep,76.52,17.7,70.0,3.3,2026-01-18 19:11:47
Mandikhera,227.29,17.7,70.0,3.3,2026-01-18 19:11:49
Mandikhera,227.29,17.7,70.0,3.3,2026-01-18 19:11:51
Mandikhera,227.29,17.7,70.0,3.3,2026-01-18 19:11:53
Manesar,243.56,17.7,70.0,3.3,2026-01-18 19:11:55
Manesar,243.56,17.7,70.0,3.3,2026-01-18 19:11:57
Manesar,243.56,17.7,70.0,3.3,2026-01-18 19:11:59
Manguraha,178.395,17.7,70.0,3.3,2026-01-18 19:12:01
Manguraha,178.395,17.7,70.0,3.3,2026-01-18 19:12:03
Manguraha,178.395,17.7,70.0,3.3,2026-01-18 19:12:05
Meerut,393.54,17.7,70.0,3.3,2026-01-18 19:12:07
Meerut,393.54,17.7,70.0,3.3,2026-01-18 19:12:10
Meerut,393.54,17.7,70.0,3.3,2026-01-18 19:12:13
Milupara,110.69,17.7,70.0,3.3,2026-01-18 19:12:14
Milupara,110.69,17.7,70.0,3.3,2026-01-18 19:12:16
Milupara,110.69,17.7,70.0,3.3,2026-01-18 19:12:18
Mira-Bhayandar,120.435,17.7,70.0,3.3,2026-01-18 19:12:20
Mira-Bhayandar,120.435,17.7,70.0,3.3,2026-01-18 19:12:22
Mira-Bhayandar,120.435,17.7,70.0,3.3,2026-01-18 19:12:24
Moradabad,212.66,17.7,70.0,3.3,2026-01-18 19:12:26
Moradabad,212.66,17.7,70.0,3.3,2026-01-18 19:12:28
Moradabad,212.66,17.7,70.0,3.3,2026-01-18 19:12:32
Motihari,205.61,17.7,70.0,3.3,2026-01-18 19:12:34
Motihari,205.61,17.7,70.0,3.3,2026-01-18 19:12:36
Motihari,205.61,17.7,70.0,3.3,2026-01-18 19:12:38
Mumbai,100.655,23.9,72.0,13.5,2026-01-18 19:12:41
Mumbai,71.735,23.9,72.0,13.5,2026-01-18 19:12:44
Mumbai,100.655,23.9,72.0,13.5,2026-01-18 19:12:46
Munger,157.485,17.7,70.0,3.3,2026-01-18 19:12:49
Munger,157.485,17.7,70.0,3.3,2026-01-18 19:12:51
Munger,157.485,17.7,70.0,3.3,2026-01-18 19:12:53
Muzaffarnagar,402.1,25.0,50.0,5.0,2026-01-18 19:12:59
Muzaffarnagar,402.1,25.0,50.0,5.0,2026-01-18 19:13:07
Muzaffarnagar,402.1,17.7,70.0,3.3,2026-01-18 19:13:09
Muzaffarpur,207.715,17.7,70.0,3.3,2026-01-18 19:13:13
Muzaffarpur,207.715,17.7,70.0,3.3,2026-01-18 19:13:17
Muzaffarpur,207.715,17.7,70.0,3.3,2026-01-18 19:13:19
Mysuru,117.845,17.7,70.0,3.3,2026-01-18 19:13:21
Mysuru,117.845,17.7,70.0,3.3,2026-01-18 19:13:23
Mysuru,117.845,17.7,70.0,3.3,2026-01-18 19:13:25
Nagaon,76.52,17.7,70.0,3.3,2026-01-18 19:13:27
Nagaon,76.52,25.0,50.0,5.0,2026-01-18 19:13:33
Nagaon,76.52,17.7,70.0,3.3,2026-01-18 19:13:36
Nagpur,230.23,17.7,70.0,3.3,2026-01-18 19:13:38
Nagpur,230.23,17.7,70.0,3.3,2026-01-18 19:13:40
Nagpur,230.23,17.7,70.0,3.3,2026-01-18 19:13:42
Naharlagun,191.155,25.0,50.0,5.0,2026-01-18 19:13:49
Naharlagun,191.155,17.7,70.0,3.3,2026-01-18 19:13:51
Naharlagun,191.155,17.7,70.0,3.3,2026-01-18 19:13:52
Nalbari,222.38,17.7,70.0,3.3,2026-01-18 19:13:54
Nalbari,222.38,17.7,70.0,3.3,2026-01-18 19:13:56
Nalbari,222.38,17.7,70.0,3.3,2026-01-18 19:13:59
Nanded,219.735,17.7,70.0,3.3,2026-01-18 19:14:01
Nanded,219.735,17.7,70.0,3.3,2026-01-18 19:14:03
Nanded,219.735,17.7,70.0,3.3,2026-01-18 19:14:05
Narnaul,253.63,17.7,70.0,3.3,2026-01-18 19:14:07
Narnaul,253.63,17.7,70.0,3.3,2026-01-18 19:14:10
Narnaul,253.63,17.7,70.0,3.3,2026-01-18 19:14:12
Nashik,120.035,17.7,70.0,3.3,2026-01-18 19:14:14
Nashik,120.035,17.7,70.0,3.3,2026-01-18 19:14:16
Nashik,120.035,17.7,70.0,3.3,2026-01-18 19:14:18
Navi Mumbai,194.11,17.7,70.0,3.3,2026-01-18 19:14:20
Navi Mumbai,194.11,17.7,70.0,3.3,2026-01-18 19:14:22
Navi Mumbai,194.11,17.7,70.0,3.3,2026-01-18 19:14:25
Nayagarh,84.805,17.7,70.0,3.3,2026-01-18 19:14:28
Nayagarh,84.805,17.7,70.0,3.3,2026-01-18 19:14:30
Nayagarh,84.805,17.7,70.0,3.3,2026-01-18 19:14:32
Noida,529.875,17.7,70.0,3.3,2026-01-18 19:14:34
Noida,529.875,17.7,70.0,3.3,2026-01-18 19:14:36
Noida,529.875,17.7,70.0,3.3,2026-01-18 19:14:38
Pali,236.075,17.7,70.0,3.3,2026-01-18 19:14:40
Pali,236.075,17.7,70.0,3.3,2026-01-18 19:14:42
Pali,236.075,17.7,70.0,3.3,2026-01-18 19:14:44
Palwal,152.335,17.7,70.0,3.3,2026-01-18 19:14:48
Palwal,152.335,17.7,70.0,3.3,2026-01-18 19:14:50
Palwal,152.335,17.7,70.0,3.3,2026-01-18 19:14:52
Pampore,105.74,17.7,70.0,3.3,2026-01-18 19:14:54
Pampore,105.74,17.7,70.0,3.3,2026-01-18 19:14:58
Pampore,105.74,17.4,71.0,3.3,2026-01-18 19:15:00
Panchgaon,175.06,17.4,71.0,3.3,2026-01-18 19:15:03
Panchgaon,175.06,17.4,71.0,3.3,2026-01-18 19:15:06
Panchgaon,175.06,17.4,71.0,3.3,2026-01-18 19:15:08
Panchkula,194.535,17.4,71.0,3.3,2026-01-18 19:15:10
Panchkula,194.535,17.4,71.0,3.3,2026-01-18 19:15:12
Panchkula,194.535,25.0,50.0,5.0,2026-01-18 19:15:19
Panipat,498.49,17.4,71.0,3.3,2026-01-18 19:15:21
Panipat,498.49,17.4,71.0,3.3,2026-01-18 19:15:23
Panipat,498.49,17.4,71.0,3.3,2026-01-18 19:15:25
Patna,231.625,17.4,71.0,3.3,2026-01-18 19:15:27
Patna,220.235,17.4,71.0,3.3,2026-01-18 19:15:29
Patna,232.56,17.4,71.0,3.3,2026-01-18 19:15:33
Perundurai,122.405,17.4,71.0,3.3,2026-01-18 19:15:36
Perundurai,122.405,17.4,71.0,3.3,2026-01-18 19:15:38
Perundurai,122.405,17.4,71.0,3.3,2026-01-18 19:15:40
Pimpri-Chinchwad,133.56,25.0,50.0,5.0,2026-01-18 19:15:48
Pimpri-Chinchwad,133.56,17.4,71.0,3.3,2026-01-18 19:15:50
Pimpri-Chinchwad,133.56,17.4,71.0,3.3,2026-01-18 19:15:52
Pithampur,228.445,17.4,71.0,3.3,2026-01-18 19:15:54
Pithampur,228.445,17.4,71.0,3.3,2026-01-18 19:15:56
Pithampur,228.445,17.4,71.0,3.3,2026-01-18 19:15:58
Pratapgarh,181.02,25.0,50.0,5.0,2026-01-18 19:16:05
Pratapgarh,181.02,25.0,50.0,5.0,2026-01-18 19:16:11
Pratapgarh,181.02,17.4,71.0,3.3,2026-01-18 19:16:13
Prayagraj,236.915,17.4,71.0,3.3,2026-01-18 19:16:15
Prayagraj,236.915,17.4,71.0,3.3,2026-01-18 19:16:17
Prayagraj,236.915,17.4,71.0,3.3,2026-01-18 19:16:19
Puducherry,165.33,17.4,71.0,3.3,2026-01-18 19:16:21
Puducherry,165.33,17.4,71.0,3.3,2026-01-18 19:16:23
Puducherry,165.33,25.0,50.0,5.0,2026-01-18 19:16:30
Pune,227.175,22.2,69.0,7.9,2026-01-18 19:16:32
Pune,227.175,22.2,69.0,7.9,2026-01-18 19:16:34
Pune,227.175,22.2,69.0,7.9,2026-01-18 19:16:36
Purnia,247.87,17.4,71.0,3.3,2026-01-18 19:16:38
Purnia,247.87,17.4,71.0,3.3,2026-01-18 19:16:40
Purnia,247.87,17.4,71.0,3.3,2026-01-18 19:16:42
Raipur,130.285,17.4,71.0,3.3,2026-01-18 19:16:44
Raipur,130.285,17.4,71.0,3.3,2026-01-18 19:16:46
Raipur,130.285,17.4,71.0,3.3,2026-01-18 19:16:47
Rairangpur,125.545,17.4,71.0,3.3,2026-01-18 19:16:50
Rairangpur,125.545,17.4,71.0,3.3,2026-01-18 19:16:52
Rairangpur,125.545,17.4,71.0,3.3,2026-01-18 19:16:55
Rajamahendravaram,220.27,17.4,71.0,3.3,2026-01-18 19:16:57
Rajamahendravaram,220.27,17.4,71.0,3.3,2026-01-18 19:16:59
Rajamahendravaram,220.27,25.0,50.0,5.0,2026-01-18 19:17:06
Rajgir,220.93,17.4,71.0,3.3,2026-01-18 19:17:08
Rajgir,220.93,17.4,71.0,3.3,2026-01-18 19:17:10
Rajgir,220.93,17.4,71.0,3.3,2026-01-18 19:17:12
Rajsamand,175.165,17.4,71.0,3.3,2026-01-18 19:17:14
Rajsamand,175.165,17.4,71.0,3.3,2026-01-18 19:17:16
Rajsamand,175.165,17.4,71.0,3.3,2026-01-18 19:17:18
Ramanagara,216.915,25.0,50.0,5.0,2026-01-18 19:17:24
Ramanagara,216.915,17.4,71.0,3.3,2026-01-18 19:17:28
Ramanagara,216.915,17.4,71.0,3.3,2026-01-18 19:17:30
Ratlam,220.36,17.4,71.0,3.3,2026-01-18 19:17:32
Ratlam,220.36,17.4,71.0,3.3,2026-01-18 19:17:34
Ratlam,220.36,17.4,71.0,3.3,2026-01-18 19:17:36
Rishikesh,135.4,17.4,71.0,3.3,2026-01-18 19:17:38
Rishikesh,135.4,17.4,71.0,3.3,2026-01-18 19:17:40
Rishikesh,135.4,17.4,71.0,3.3,2026-01-18 19:17:42
Rourkela,192.79,17.4,71.0,3.3,2026-01-18 19:17:44
Rourkela,192.79,25.0,50.0,5.0,2026-01-18 19:17:51
Rourkela,192.79,17.4,71.0,3.3,2026-01-18 19:17:53
Rupnagar,56.75,17.4,71.0,3.3,2026-01-18 19:17:56
Rupnagar,56.75,17.4,71.0,3.3,2026-01-18 19:17:58
Rupnagar,56.75,17.4,71.0,3.3,2026-01-18 19:18:00
Sagar,90.19,17.4,71.0,3.3,2026-01-18 19:18:02
Sagar,90.19,17.4,71.0,3.3,2026-01-18 19:18:04
Sagar,90.19,17.4,71.0,3.3,2026-01-18 19:18:06
Saharsa,205.885,17.4,71.0,3.3,2026-01-18 19:18:08
Saharsa,205.885,17.4,71.0,3.3,2026-01-18 19:18:11
Saharsa,205.885,17.4,71.0,3.3,2026-01-18 19:18:13
Samastipur,195.69,17.4,71.0,3.3,2026-01-18 19:18:15
Samastipur,195.69,17.4,71.0,3.3,2026-01-18 19:18:16
Samastipur,195.69,17.4,71.0,3.3,2026-01-18 19:18:18
Sangli,178.82,17.4,71.0,3.3,2026-01-18 19:18:20
Sangli,178.82,25.0,50.0,5.0,2026-01-18 19:18:27
Sangli,178.82,17.4,71.0,3.3,2026-01-18 19:18:29
Sasaram,78.88,17.4,71.0,3.3,2026-01-18 19:18:32
Sasaram,78.88,25.0,50.0,5.0,2026-01-18 19:18:38
Sasaram,78.88,17.4,71.0,3.3,2026-01-18 19:18:40
Satna,108.345,17.4,71.0,3.3,2026-01-18 19:18:43
Satna,108.345,17.4,71.0,3.3,2026-01-18 19:18:45
Satna,108.345,17.4,71.0,3.3,2026-01-18 19:18:47
Shillong,51.36,17.4,71.0,3.3,2026-01-18 19:18:50
Shillong,51.36,17.4,71.0,3.3,2026-01-18 19:18:52
Shillong,51.36,17.4,71.0,3.3,2026-01-18 19:18:54
Shivamogga,72.69,17.4,71.0,3.3,2026-01-18 19:18:57
Shivamogga,72.69,17.4,71.0,3.3,2026-01-18 19:18:59
Shivamogga,72.69,17.4,71.0,3.3,2026-01-18 19:19:02
Sikar,225.91,17.4,71.0,3.3,2026-01-18 19:19:03
Sikar,225.91,17.4,71.0,3.3,2026-01-18 19:19:07
Silchar,56.015,17.4,71.0,3.3,2026-01-18 19:19:17
Silchar,56.015,17.4,71.0,3.3,2026-01-18 19:19:19
Silchar,56.015,17.4,71.0,3.3,2026-01-18 19:19:21
Siliguri,212.75,17.4,71.0,3.3,2026-01-18 19:19:23
Siliguri,212.75,17.4,71.0,3.3,2026-01-18 19:19:26
Siliguri,212.75,17.4,71.0,3.3,2026-01-18 19:19:28
Singrauli,263.34,17.4,71.0,3.3,2026-01-18 19:19:30
Singrauli,263.34,17.4,71.0,3.3,2026-01-18 19:19:32
Singrauli,263.34,17.4,71.0,3.3,2026-01-18 19:19:35
Sirohi,148.625,25.0,50.0,5.0,2026-01-18 19:19:41
Sirohi,148.625,17.4,71.0,3.3,2026-01-18 19:19:43
Sirohi,148.625,25.0,50.0,5.0,2026-01-18 19:19:50
Sirsa,229.55,17.4,71.0,3.3,2026-01-18 19:19:52
Sirsa,229.55,17.4,71.0,3.3,2026-01-18 19:19:54
Sirsa,229.55,17.4,71.0,3.3,2026-01-18 19:19:56
Sivasagar,108.455,17.4,71.0,3.3,2026-01-18 19:19:58
Sivasagar,108.455,25.0,50.0,5.0,2026-01-18 19:20:04
Sivasagar,108.455,17.4,71.0,3.3,2026-01-18 19:20:07
Siwan,221.095,17.4,71.0,3.3,2026-01-18 19:20:09
Siwan,221.095,17.4,71.0,3.3,2026-01-18 19:20:11
Siwan,221.095,17.4,71.0,3.3,2026-01-18 19:20:13
Solapur,267.625,17.4,71.0,3.3,2026-01-18 19:20:15
Solapur,267.625,17.4,71.0,3.3,2026-01-18 19:20:17
Solapur,267.625,17.4,71.0,3.3,2026-01-18 19:20:22
Sonipat,259.045,17.4,71.0,3.3,2026-01-18 19:20:24
Sonipat,259.045,17.4,71.0,3.3,2026-01-18 19:20:26
Sonipat,259.045,17.4,71.0,3.3,2026-01-18 19:20:28
Sri Ganganagar,131.19,17.4,71.0,3.3,2026-01-18 19:20:30
Sri Ganganagar,131.19,17.4,71.0,3.3,2026-01-18 19:20:32
Sri Ganganagar,131.19,17.4,71.0,3.3,2026-01-18 19:20:33
Srinagar,50.845,17.4,71.0,3.3,2026-01-18 19:20:37
Srinagar,50.845,17.4,71.0,3.3,2026-01-18 19:20:38
Srinagar,50.845,17.4,71.0,3.3,2026-01-18 19:20:41
Suakati,105.74,17.4,71.0,3.3,2026-01-18 19:20:42
Suakati,105.74,17.4,71.0,3.3,2026-01-18 19:20:45
Suakati,105.74,17.4,71.0,3.3,2026-01-18 19:20:47
Surat,217.065,17.4,71.0,3.3,2026-01-18 19:20:50
Surat,217.065,17.4,71.0,3.3,2026-01-18 19:20:52
Surat,217.065,17.4,71.0,3.3,2026-01-18 19:20:55
Talcher,266.74,25.0,50.0,5.0,2026-01-18 19:21:02
Talcher,266.74,17.4,71.0,3.3,2026-01-18 19:21:04
Talcher,266.74,17.4,71.0,3.3,2026-01-18 19:21:06
Thane,89.31,17.4,71.0,3.3,2026-01-18 19:21:08
Thane,89.31,17.4,71.0,3.3,2026-01-18 19:21:11
Thane,89.31,25.0,50.0,5.0,2026-01-18 19:21:18
Thanjavur,105.74,17.4,71.0,3.3,2026-01-18 19:21:20
Thanjavur,105.74,17.4,71.0,3.3,2026-01-18 19:21:22
Thanjavur,105.74,17.4,71.0,3.3,2026-01-18 19:21:25
Thiruvananthapuram,134.535,17.4,71.0,3.3,2026-01-18 19:21:27
Thiruvananthapuram,134.535,17.4,71.0,3.3,2026-01-18 19:21:29
Thiruvananthapuram,134.535,17.4,71.0,3.3,2026-01-18 19:21:34
Thrissur,102.09,17.4,71.0,3.3,2026-01-18 19:21:39
Thrissur,102.09,17.4,71.0,3.3,2026-01-18 19:21:42
Thrissur,102.09,17.4,71.0,3.3,2026-01-18 19:21:45
Tirumala,221.075,25.0,50.0,5.0,2026-01-18 19:21:51
Tirumala,221.075,25.0,50.0,5.0,2026-01-18 19:21:58
Tirumala,221.075,17.4,71.0,3.3,2026-01-18 19:22:01
Tirupati,184.92,17.4,71.0,3.3,2026-01-18 19:22:03
Tirupati,184.92,17.4,71.0,3.3,2026-01-18 19:22:05
Tirupati,184.92,25.0,50.0,5.0,2026-01-18 19:22:11
Tumakuru,76.59,17.4,71.0,3.3,2026-01-18 19:22:13
Tumakuru,76.59,17.4,71.0,3.3,2026-01-18 19:22:15
Tumakuru,76.59,17.4,71.0,3.3,2026-01-18 19:22:17
Tumidih,206.98,25.0,50.0,5.0,2026-01-18 19:22:24
Tumidih,206.98,17.4,71.0,3.3,2026-01-18 19:22:26
Tumidih,206.98,17.4,71.0,3.3,2026-01-18 19:22:28
Udaipur,222.41,17.4,71.0,3.3,2026-01-18 19:22:30
Udaipur,222.41,25.0,50.0,5.0,2026-01-18 19:22:37
Udaipur,222.41,17.4,71.0,3.3,2026-01-18 19:22:39
Ujjain,203.545,17.4,71.0,3.3,2026-01-18 19:22:41
Ujjain,203.545,17.4,71.0,3.3,2026-01-18 19:22:43
Ujjain,203.545,17.4,71.0,3.3,2026-01-18 19:22:45
Ulhasnagar,212.295,17.4,71.0,3.3,2026-01-18 19:22:48
Ulhasnagar,212.295,17.4,71.0,3.3,2026-01-18 19:22:49
Ulhasnagar,212.295,25.0,50.0,5.0,2026-01-18 19:22:56
Vapi,188.035,17.4,71.0,3.3,2026-01-18 19:22:58
Vapi,188.035,25.0,50.0,5.0,2026-01-18 19:23:06
Vapi,188.035,17.4,71.0,3.3,2026-01-18 19:23:08
Varanasi,131.545,17.4,71.0,3.3,2026-01-18 19:23:11
Varanasi,131.545,17.4,71.0,3.3,2026-01-18 19:23:13
Varanasi,131.545,17.4,71.0,3.3,2026-01-18 19:23:15
Vatva,105.74,17.4,71.0,3.3,2026-01-18 19:23:17
Vatva,105.74,17.4,71.0,3.3,2026-01-18 19:23:19
Vatva,105.74,17.4,71.0,3.3,2026-01-18 19:23:21
Vijayapura,64.56,17.4,71.0,3.3,2026-01-18 19:23:24
Vijayapura,64.56,17.4,71.0,3.3,2026-01-18 19:23:26
Vijayapura,64.56,17.4,71.0,3.3,2026-01-18 19:23:28
Vijayawada,183.495,17.4,71.0,3.3,2026-01-18 19:23:30
Vijayawada,183.495,17.4,71.0,3.3,2026-01-18 19:23:32
Vijayawada,183.495,17.4,71.0,3.3,2026-01-18 19:23:34
Virar,142.785,17.4,71.0,3.3,2026-01-18 19:23:36
Virar,142.785,17.4,71.0,3.3,2026-01-18 19:23:39
Virar,142.785,17.4,71.0,3.3,2026-01-18 19:23:41
Visakhapatnam,275.89,17.4,71.0,3.3,2026-01-18 19:23:43
Visakhapatnam,275.89,25.0,50.0,5.0,2026-01-18 19:23:50
Visakhapatnam,275.89,17.4,71.0,3.3,2026-01-18 19:23:52
Vrindavan,115.465,17.4,71.0,3.3,2026-01-18 19:23:54
Vrindavan,115.465,25.0,50.0,5.0,2026-01-18 19:24:00
Vrindavan,115.465,17.4,71.0,3.3,2026-01-18 19:24:02
Yadgir,199.1,17.4,71.0,3.3,2026-01-18 19:24:04
Yadgir,199.1,17.4,71.0,3.3,2026-01-18 19:24:06
Yadgir,199.1,17.4,71.0,3.3,2026-01-18 19:24:08
Yamuna Nagar,226.115,17.4,71.0,3.3,2026-01-18 19:24:11
Yamuna Nagar,226.115,17.4,71.0,3.3,2026-01-18 19:24:13
Yamuna Nagar,226.115,25.0,50.0,5.0,2026-01-18 19:24:21
